iso3,country,region,income_group,growth24,lngdppc23,gcf23,highinc,infl23,unemp23,trade23,popgrow23,gdppc23,gdppc24
ABW,Aruba,Latin America & Caribbean ,High income,6.181750775592931,10.372336654651042,18.3808626720902,1,,,153.719158343959,0.0456516784920034,31963.0764505349,33938.9541769192
AFG,Afghanistan,"Middle East, North Africa, Afghanistan & Pakistan",Low income,-0.9759153047034785,5.935069585324131,15.2924823859473,0,-4.64470870797775,14.008,66.9995780621951,2.13559384981397,378.06630312259,374.37669620849
AGO,Angola,Sub-Saharan Africa ,Lower middle income,1.8058503362233136,7.918975016038248,12.4388656074311,0,13.6441017767715,14.051,53.6070126498686,3.08065530722915,2748.95196954248,2798.59392792708
ALB,Albania,Europe & Central Asia,Upper middle income,5.557292546370918,8.733019679172903,23.4392861436214,0,4.75834555150038,10.669,82.3524933990723,-1.64410790425763,6204.43525612114,6549.23387415397
ARE,United Arab Emirates,"Middle East, North Africa, Afghanistan & Pakistan",High income,-0.7660140642296476,10.64367520911643,26.6386668902392,1,1.62670837213248,2.151,199.044950127107,3.97717097504667,41926.5773498407,41605.4138706908
ARG,Argentina,Latin America & Caribbean ,Upper middle income,-1.6835270052874995,9.472173178879085,19.3822632919135,0,133.488935594175,6.139,26.6769512482215,0.286976121920089,12993.0928872416,12774.3506596628
ARM,Armenia,Europe & Central Asia,Upper middle income,3.4842162523061715,8.555882049724369,22.9413054452812,0,1.98041877615554,12.405,123.418750077627,-0.165163937436499,5197.23509013575,5378.31799981682
AUS,Australia,East Asia & Pacific,High income,-0.6185658614620726,11.03277585891089,23.873104248989,1,5.59701792296707,3.668,49.044339318428,2.43450716351535,61869.082498576,61486.38147544
AUT,Austria,Europe & Central Asia,High income,-1.1593777869463695,10.747162675814796,26.0041363951547,1,7.81413417002831,5.264,115.152914822732,0.989464653969154,46497.9114640341,45958.8250071261
AZE,Azerbaijan,Europe & Central Asia,Upper middle income,3.65914632279567,8.642699254361219,17.7431851628057,0,8.78543049849081,5.64,83.5358861156321,0.120242150339289,5668.61021317029,5876.03295533913
BEL,Belgium,Europe & Central Asia,High income,0.42712265065751875,10.710593297044216,25.2961910988566,1,4.04901077613941,5.547,165.987440736442,0.850263748167955,44828.2274521244,45019.6989654607
BEN,Benin,Sub-Saharan Africa ,Lower middle income,4.840178690827046,7.141737149633336,34.5306621756362,0,2.73870078406075,1.641,44.6631308180211,2.52274772277722,1263.62158336368,1324.78312597434
BFA,Burkina Faso,Sub-Saharan Africa ,Low income,2.505655661824635,6.613928143738638,20.264268940383,0,0.742910428668918,3.601,63.1530435873964,2.26973666268599,745.405334618409,764.082625588818
BGD,Bangladesh,South Asia,Lower middle income,2.964998379549,7.541883258170298,30.9512000834944,0,9.8835030377921,3.352,30.9829714104596,1.22171475464107,1885.37733613545,1941.27874360025
BGR,Bulgaria,Europe & Central Asia,High income,3.4701502038968046,9.188888426097868,19.7877556466321,1,9.44284140088564,4.319,119.899505851916,-0.286577641861364,9787.76510584614,10127.4152566236
BHR,Bahrain,"Middle East, North Africa, Afghanistan & Pakistan",High income,2.145068639019576,10.140242947499639,29.168098874443,1,0.0746206782192256,1.049,157.447854682297,3.37686417721007,25342.6226641572,25886.2393152311
BHS,"Bahamas, The",Latin America & Caribbean ,High income,2.9038712346300066,10.40455508910712,22.8631485204272,1,3.05291578969743,8.645,76.5494751592857,0.477303918283875,33009.645615121,33968.2032187918
BIH,Bosnia and Herzegovina,Europe & Central Asia,Upper middle income,3.906006540362217,8.778529851948015,27.0434003535468,0,6.1059011284828,10.668,99.6330317954442,-0.617510129445164,6493.32400514463,6746.95366547249
BLR,Belarus,Europe & Central Asia,Upper middle income,4.871813262913016,8.779216552680667,24.7116791837371,0,5.0005990309131,3.461,131.584674884961,-0.540824986374776,6497.78450683592,6814.34443423546
BLZ,Belize,Latin America & Caribbean ,Upper middle income,2.0240834732835777,8.726756004273785,18.9112096493515,0,4.38984017487675,8.278,106.400505850771,2.05772774277288,6165.69414825936,6290.49294452749
BMU,Bermuda,North America,High income,1.9859616194936702,11.646097752286563,11.2150851626763,1,,,77.6465295570053,-0.0787967316952785,114244.681047132,116513.536565041
BOL,Bolivia,Latin America & Caribbean ,Lower middle income,-2.470746043963934,8.046475865841769,18.9835359683279,0,2.57688800489192,3.024,49.6083255594597,1.37334382280772,3122.77049466223,3045.61476620329
BRA,Brazil,Latin America & Caribbean ,Upper middle income,3.000832918921925,9.136481431933003,15.7606472065087,0,4.59356282283204,7.947,33.6662298301438,0.395928695574996,9288.02701470069,9566.74518687619
BRN,Brunei Darussalam,East Asia & Pacific,High income,3.204303818815335,10.262767858456911,29.6282073672206,1,0.35706431153689,5.296,136.86343465048,0.782881746925984,28645.9645396284,29563.8682753082
BTN,Bhutan,South Asia,Lower middle income,6.800623520553883,8.154935230036719,45.2657364801262,0,4.22934419929251,3.126,81.7366278539811,0.698146584889649,3480.51388523184,3717.21053114706
BWA,Botswana,Sub-Saharan Africa ,Upper middle income,-4.35688196423839,8.891381122768536,30.1423262091485,0,5.0676154934383,23.381,70.1128327324509,1.64031664035479,7269.05170664457,6952.34770386661
CAF,Central African Republic,Sub-Saharan Africa ,Low income,-1.8943642394991245,5.985113913832336,23.7477562200269,0,2.97913852618937,6.181,43.480570208358,1.06107453184959,397.467795750451,389.938307964229
CAN,Canada,North America,High income,-0.9542120303306034,10.725368920713002,23.6376218677924,1,3.87900159788426,5.415,66.5745425015033,2.78237404482922,45495.5100892605,45061.3864587285
CHE,Switzerland,Europe & Central Asia,High income,0.0757783600806583,11.439794856747044,28.5542320055981,1,2.13540088016387,4.043,129.7371945484,1.26498425447772,92947.9424441568,93018.3768706697
CHL,Chile,Latin America & Caribbean ,High income,2.2541073955747004,9.567644864156994,23.3331278198537,1,7.58168251407962,9.013,60.6766444736157,0.53962870957127,14294.7106635595,14616.9287938028
CHN,China,East Asia & Pacific,Upper middle income,5.087548563034616,9.432201430057397,41.1297102455381,0,0.234836828893051,4.67,36.7391496938394,-0.103794531589067,12483.9791101249,13119.1076099516
CIV,Cote d'Ivoire,Sub-Saharan Africa ,Lower middle income,3.467913057211369,7.747322339494329,24.5444478808032,0,4.36972254867474,2.263,48.8170039103332,2.50384681190665,2315.36434710324,2395.65916961845
CMR,Cameroon,Sub-Saharan Africa ,Lower middle income,0.8549781485973629,7.2917777072928365,19.2850918964923,0,7.38281384280984,3.607,37.8903321242578,2.64245336134821,1468.17837007337,1480.73097431993
COD,"Congo, Dem. Rep.",Sub-Saharan Africa ,Low income,2.7172556486134924,6.290567019787564,34.0781273164972,0,,4.469,86.7400581798289,3.25963514299902,539.45912637913,554.117609962628
COG,"Congo, Rep.",Sub-Saharan Africa ,Lower middle income,-0.31953590092537176,7.424812739688538,25.2109559920067,0,4.30174563591016,19.919,96.2103944039618,2.41919038084212,1677.08549205924,1671.7266018229
COL,Colombia,Latin America & Caribbean ,Upper middle income,0.40862060382220733,8.830159007195745,16.380607358871,0,11.7359044948689,9.591,40.1333165322581,1.12092864340999,6837.37392084534,6865.31283944628
COM,Comoros,Sub-Saharan Africa ,Lower middle income,1.36481294621158,7.232474444913376,13.2901153960903,0,8.37373955490996,3.833,44.4398634497089,1.92327433672711,1383.64201759575,1402.52614298112
CPV,Cabo Verde,Sub-Saharan Africa ,Upper middle income,6.469916088880812,8.335354114388423,21.7251071461541,0,3.72437517668748,11.882,95.0324943346692,0.497087597239901,4168.67748407593,4438.38741931171
CRI,Costa Rica,Latin America & Caribbean ,High income,3.5881668120539167,9.584074021276846,15.8466847822892,1,0.525193508693455,8.325,71.4380310340536,0.46646444898736,14531.5005137466,15052.9149924743
CUB,Cuba,Latin America & Caribbean ,Upper middle income,-0.6999611421595109,8.913742519010999,21.4185705757855,0,,1.73,120.533878427187,-0.361317873522215,7433.42885399674,7381.39774048869
CYP,Cyprus,Europe & Central Asia,High income,2.2969241014209274,10.374179055494048,21.4727017396107,1,3.54134188751646,5.835,190.740957956519,1.0167681770201,32022.01953125,32757.541015625
CZE,Czechia,Europe & Central Asia,High income,0.8707629958601526,9.917024878154018,28.2189210871769,1,10.6612601372427,2.579,131.892598295876,1.78238907045946,20272.5874017334,20449.1135911311
DEU,Germany,Europe & Central Asia,High income,-0.7690705526589681,10.700296126230926,21.994283425489,1,5.94643667725823,3.071,81.9625483787634,0.131511079477747,44368.9920074881,44027.7631554469
DJI,Djibouti,"Middle East, North Africa, Afghanistan & Pakistan",Lower middle income,5.53622497099775,8.044887887557579,-3.7352612180732,0,1.44905087029086,26.074,285.902043800644,1.38410272350128,3117.8155381531,3290.42482052598
DNK,Denmark,Europe & Central Asia,High income,2.95776259160625,10.985749980450018,23.6446197797629,1,3.30517811237606,5.094,129.625337431278,0.741185515720057,59026.9843650999,60772.8624276041
DOM,Dominican Republic,Latin America & Caribbean ,Upper middle income,4.069152398402087,9.083638559314252,27.8145628515185,0,4.78561281021135,5.555,49.8436131764417,0.891159203732232,8809.96335385949,9168.45418897141
DZA,Algeria,"Middle East, North Africa, Afghanistan & Pakistan",Upper middle income,2.259965270821196,8.44685773124866,37.6168765143841,0,9.32217375928322,11.645,43.7397984507007,1.49897601193923,4660.40545687895,4765.72900168387
ECU,Ecuador,Latin America & Caribbean ,Upper middle income,-2.7842885423929986,8.726709881444197,20.7283478756321,0,2.21568764237058,3.51,57.1626938264309,0.872456027022398,6165.40977555695,5993.74697758454
EGY,"Egypt, Arab Rep.","Middle East, North Africa, Afghanistan & Pakistan",Lower middle income,0.639636335125493,8.321497440966105,16.4907339937373,0,33.8847763115546,6.753,40.4504007720031,1.68834126904494,4111.3118479018,4137.6092923313
ESP,Spain,Europe & Central Asia,High income,2.4041321862390053,10.259714515507623,21.1209265029601,1,3.53236133492433,12.179,71.7976366055733,1.17836618688432,28558.6319817501,29245.2192451729
EST,Estonia,Europe & Central Asia,High income,-0.23965215431362985,9.90978632598162,25.1272018410877,1,9.15922507983982,6.378,154.592617111149,1.57745133607335,20126.3730486957,20078.1397620993
ETH,Ethiopia,Sub-Saharan Africa ,Low income,4.868199776186044,6.736310283223052,22.1694039604305,0,30.2188278135278,3.375,20.5982015071406,2.6036241976442,842.446604881663,883.458588614999
FIN,Finland,Europe & Central Asia,High income,-0.2684123676879868,10.718774518542816,23.0226552627241,1,6.25064322154763,7.149,85.5141847218915,0.499192375381062,45196.4814400136,45075.1684940688
FJI,Fiji,East Asia & Pacific,Upper middle income,3.0137530946860114,8.658965195551744,19.7992404570242,0,2.97544080604539,5.316,126.282134510517,0.51237740019889,5761.56947891018,5935.20895738332
FRA,France,Europe & Central Asia,High income,0.9257007615998125,10.579473701890324,22.9278749312543,1,4.8783572650844,7.335,70.6261450610225,0.275093143443794,39319.4152227295,39683.3953489029
FRO,Faroe Islands,Europe & Central Asia,High income,0.39708106296465484,10.986437215919842,31.3788787867634,1,,,113.336400780359,0.914125348702147,59067.5637446297,59302.1098546142
GAB,Gabon,Sub-Saharan Africa ,Upper middle income,1.1883528167880852,8.7858841212147,18.0760661099963,0,3.62901534185376,20.161,91.4786533179144,2.19891289669511,6541.25368618042,6618.9868586134
GBR,United Kingdom,Europe & Central Asia,High income,-0.021260183100035857,10.777103616697978,18.4594014019513,1,6.79396706793963,4.025,64.9923841747803,1.30728496203423,47911.1540134832,47900.9680144146
GEO,Georgia,Europe & Central Asia,Upper middle income,6.88825844146288,8.72917396650096,24.9987945206376,0,2.48776056578715,11.549,107.151179161579,0.0802640328443946,6180.6206023429,6606.35772271858
GHA,Ghana,Sub-Saharan Africa ,Lower middle income,3.8813186561723168,7.645786603214523,10.1167734489869,0,38.1069656296501,2.829,64.3878615301086,1.90860289687983,2091.81335596465,2173.00329800201
GIN,Guinea,Sub-Saharan Africa ,Lower middle income,2.8559023366211633,6.924495327252559,23.4269896966463,0,7.80497591927973,5.141,95.829526758227,2.46199049961035,1016.88094800324,1045.92207475792
GMB,"Gambia, The",Sub-Saharan Africa ,Low income,3.174702502337312,6.600703327910118,27.4459749946814,0,16.9742129632327,6.479,39.9620173467122,2.30124049704572,735.612384062616,758.965888826955
GNB,Guinea-Bissau,Sub-Saharan Africa ,Low income,2.1319646411961823,6.64574699934486,26.1883825780139,0,7.10220928557059,2.632,42.4351515242076,2.24529187264064,769.504652461795,785.91021956464
GNQ,Equatorial Guinea,Sub-Saharan Africa ,Upper middle income,-1.9892322891804093,8.515644145893624,5.29395318380449,0,2.85949506037322,8.218,60.6886626813037,2.41057232825781,4992.26076814571,4892.95310498567
GRC,Greece,Europe & Central Asia,High income,2.1083257095763086,9.954696921932085,16.1682825755533,1,3.46480128513405,11.023,92.4710882947018,-0.292192792101549,21050.8648111581,21494.6856060599
GTM,Guatemala,Latin America & Caribbean ,Upper middle income,2.1292786815084064,8.404932288649032,16.5190523218535,0,6.20657592272126,2.344,48.3297978472591,1.53986971917384,4469.05514652918,4564.21378502908
HKG,"Hong Kong SAR, China",East Asia & Pacific,High income,2.7930496401494143,10.680951321921984,16.1515290771197,1,2.09660511249089,2.949,353.194608900413,2.55352466697343,43518.9311789918,44734.4365296835
HND,Honduras,Latin America & Caribbean ,Lower middle income,1.901145461365128,7.834896397263408,22.1864309601857,0,6.66325180347463,6.07,98.7919798336365,1.71477388415816,2527.27366333188,2575.32081187859
HRV,Croatia,Europe & Central Asia,High income,3.6508526440932165,9.754143246574452,24.5586341019877,1,7.94128177586822,6.121,107.277801631602,0.104856226330186,17225.4504515697,17854.3262648378
HTI,Haiti,Latin America & Caribbean ,Lower middle income,-5.284989569536725,7.105883513138402,13.8845627892934,0,36.8135162780854,14.459,25.2478984941791,1.15633263604117,1219.11871645847,1154.68841945337
HUN,Hungary,Europe & Central Asia,High income,1.0263093874987472,9.703513886296053,26.1919852280501,1,17.1249659678737,4.096,158.618825607913,-0.134269181500181,16375.0462724192,16543.1049095203
IDN,Indonesia,East Asia & Pacific,Upper middle income,4.1812137568836505,8.341086842622474,30.3426390629498,0,3.66938654859761,3.308,41.4604765447233,0.842666137328498,4192.64401034181,4367.94741847938
IND,India,South Asia,Lower middle income,6.149574461282659,7.709629014232512,34.504684353812,0,5.64914318907925,4.172,46.3229520582338,0.883289539766135,2229.71491223037,2366.8328910323
IRL,Ireland,Europe & Central Asia,High income,0.997438539135076,11.446165431356981,26.6582803909323,1,6.29942487419125,4.243,239.649627585111,1.87573900211149,93541.9643678381,94474.9879707069
IRN,"Iran, Islamic Rep.","Middle East, North Africa, Afghanistan & Pakistan",Upper middle income,2.57740907930859,8.646086538386578,43.772806898094,0,44.5791857572797,8.129,49.3935500960203,1.20408185634218,5687.84396268742,5834.44296939863
IRQ,Iraq,"Middle East, North Africa, Afghanistan & Pakistan",Upper middle income,-3.615119008317369,8.37495821585947,20.2898355344199,0,4.35835351089595,15.239,69.4613207990167,2.25148890849618,4337.0870532422,4180.29619477317
ISL,Iceland,Europe & Central Asia,High income,-1.4981862587547634,11.001295413972212,25.4249837598989,1,8.73630299937298,3.518,87.2388810922276,0.953546915490719,59951.7537739692,59053.5648370451
ISR,Israel,"Middle East, North Africa, Afghanistan & Pakistan",High income,-0.5926507864738473,10.64855669206267,26.4012938714102,1,4.22522603168918,3.371,57.977782328645,3.00437405991345,42131.7415675806,41882.0474698252
ITA,Italy,Europe & Central Asia,High income,0.8369107122146779,10.440615759301478,23.0712585224817,1,5.62219442195901,7.627,65.1028419441908,-0.0499178457490556,34221.7182928271,34508.1235191237
JPN,Japan,East Asia & Pacific,High income,0.1954695921844385,10.54277365056161,27.7841122147677,1,3.26813365933163,2.6,43.5950833802735,-0.487370782049143,37902.5492204411,37976.6371788298
KAZ,Kazakhstan,Europe & Central Asia,Upper middle income,3.6617001344495526,9.346041495378465,28.157135537565,0,14.5275597825952,4.835,62.3342837675021,1.46415151694869,11453.3952725363,11872.7842626298
KEN,Kenya,Sub-Saharan Africa ,Lower middle income,2.631379596653982,7.5017540080999225,16.5707504717762,0,7.67139634029402,5.409,40.9337677377556,1.98296028478422,1811.21651838425,1858.87650030024
KGZ,Kyrgyz Republic,Europe & Central Asia,Lower middle income,9.653633914476845,7.168778063161089,34.4590059457311,0,10.7532770416742,3.498,132.373403912336,1.76957037310792,1298.25724482211,1423.58624650541
KHM,Cambodia,East Asia & Pacific,Lower middle income,4.724058694877842,7.642551704414577,33.2944796211269,0,2.12746796594194,0.256,134.206842395931,1.28320677599476,2085.05748462122,2183.55682401667
KIR,Kiribati,East Asia & Pacific,Lower middle income,3.1488607698496374,7.595963311618627,24.7440984281941,0,9.28307374517721,,106.479772480068,1.56733842415292,1990.14605922104,2052.81298774256
KOR,"Korea, Rep.",East Asia & Pacific,High income,1.9278322720160057,10.500886307355545,31.8912200894147,1,3.5974562502901,2.675,82.2580090716629,0.077477253324535,36347.7036392553,37048.4264001496
KWT,Kuwait,"Middle East, North Africa, Afghanistan & Pakistan",High income,-2.3560771237668976,10.115481755017822,17.7610824770708,1,3.64216403030709,2.08,96.0343509693162,5.58813678140227,24722.8143701857,24140.3257964584
LBN,Lebanon,"Middle East, North Africa, Afghanistan & Pakistan",Lower middle income,-7.599534149660869,8.671566844793436,1.89754409912655,0,221.341644023365,10.985,104.206410069182,0.503630953855672,5834.63415739394,5391.22914209501
LBY,Libya,"Middle East, North Africa, Afghanistan & Pakistan",Upper middle income,0.8595001828135551,8.939908213809117,16.8804253893346,0,2.3731753143518,18.713,161.070232609722,1.12674309223491,7630.49664928174,7696.0807819319
LKA,Sri Lanka,South Asia,Upper middle income,5.5720877242612765,8.288317153238237,24.2731934318829,0,16.5411742279832,4.528,43.3476681195134,-0.651320770103285,3977.13564995085,4198.74513727898
LSO,Lesotho,Sub-Saharan Africa ,Lower middle income,4.056783618336324,6.880503871476462,27.0684655311306,0,6.34221743124953,16.348,140.722487877528,1.10328678263994,973.116561960912,1012.59379523386
LTU,Lithuania,Europe & Central Asia,High income,2.4347253851249917,9.838891977222683,22.6477329035527,1,9.11731962390475,6.841,147.990751776428,1.40084461829591,18748.9302647191,19205.4152293136
LUX,Luxembourg,Europe & Central Asia,High income,-1.2100359658711368,11.565733875261605,16.4259109763361,1,3.74140361983136,5.184,402.566968197345,2.02002574712319,105422.764660192,104147.111291588
LVA,Latvia,Europe & Central Asia,High income,0.9049762360942681,9.694578733235156,24.6916298440452,1,8.9380462331663,6.465,135.642989154266,0.22997050070229,16229.3844520245,16376.2565245797
MAC,"Macao SAR, China",East Asia & Pacific,High income,6.562314243358736,10.993301186740704,15.2974689049317,1,0.476384495788075,2.206,145.874467252327,0.221222713921319,59474.3964251614,63377.2932129214
MAR,Morocco,"Middle East, North Africa, Afghanistan & Pakistan",Lower middle income,2.7749485221366443,8.13775162669961,28.9983598724931,0,6.09114152504141,8.896,93.1178844179777,1.02195181223548,3421.21704101563,3516.15405273438
MDA,Moldova,Europe & Central Asia,Upper middle income,2.586243902384089,8.231740317629335,20.084591001224,0,13.41701043813,1.57,93.9946211488052,-2.84274212689094,3758.3688194082,3855.56940382925
MDG,Madagascar,Sub-Saharan Africa ,Low income,1.8130022722820938,6.10003662977687,21.4163392614893,0,9.87432675044888,3.044,62.7622147594312,2.46201530433165,445.874102052267,453.957809653992
MDV,Maldives,South Asia,Upper middle income,3.140467596065566,9.344830742634372,33.0509347055178,0,2.90372427754586,4.019,149.349976177434,0.359585188904548,11439.5364342871,11798.791369146
MEX,Mexico,Latin America & Caribbean ,Upper middle income,0.4821806504178072,9.233537625763944,23.3050041337289,0,5.52796087314389,2.765,73.7390758255664,0.872178517508623,10234.6840265651,10284.0336925726
MHL,Marshall Islands,East Asia & Pacific,Upper middle income,6.820665774224222,8.605225672745899,19.2791666666667,0,,,118.181818181818,-3.16867227675357,5460.11795915213,5832.53435602429
MKD,North Macedonia,Europe & Central Asia,Upper middle income,3.1888994442162977,8.767795043598106,29.6278058870411,0,9.36187249769015,13.174,147.79425348309,-0.212923714310977,6423.99221393369,6628.84686594032
MLI,Mali,Sub-Saharan Africa ,Low income,1.972820594542668,6.7942385018632985,21.6677146022336,0,2.05880228274223,2.947,57.6291572269296,2.97400537620334,892.689219532429,910.300376300627
MLT,Malta,"Middle East, North Africa, Afghanistan & Pakistan",High income,3.206634534572661,10.417203511533016,19.8659007493501,1,5.09396758978883,3.479,221.133296375593,3.99255876861009,33429.8172092336,34501.7892727094
MNE,Montenegro,Europe & Central Asia,Upper middle income,3.164760675408518,9.021359645252147,25.4474865908397,0,8.58476910455403,13.146,116.806669538329,-0.0099429084692826,8278.02461006262,8540.00427762252
MNG,Mongolia,East Asia & Pacific,Upper middle income,3.8204518125464215,8.40212712345176,33.9003731595217,0,10.347583131434,5.178,142.864246599181,1.3708886685104,4456.53627552726,4626.79609644243
MOZ,Mozambique,Sub-Saharan Africa ,Low income,-0.7906372458114763,6.414427408741362,19.5292827735495,0,7.12697482131851,6.661,106.026083626657,2.95358093047219,610.591041611538,605.763481416969
MRT,Mauritania,Sub-Saharan Africa ,Lower middle income,3.285521708894912,7.40183682939163,44.5439783104002,0,4.95305034506872,10.37,92.1654445146742,2.96653079197429,1638.99221583023,1692.84166088843
MUS,Mauritius,Sub-Saharan Africa ,Upper middle income,5.190051925846939,9.335274097343342,19.9232351140484,0,7.05298238454736,5.571,147.321392128852,-1.1051534726941,11330.7335655767,11918.8045212095
MWI,Malawi,Sub-Saharan Africa ,Low income,-0.9126381645929604,6.3226285048163415,14.4830771619003,0,28.7897428247298,5.009,42.4376683990967,2.57135708610945,557.03523965791,551.95152347056
MYS,Malaysia,East Asia & Pacific,Upper middle income,3.830351374393226,9.345342528653756,22.8017590224926,0,2.48886560125754,3.858,132.593461641599,1.23402869169549,11445.3925275079,11883.79127749
NAM,Namibia,Sub-Saharan Africa ,Lower middle income,1.482610989279154,8.287400107330571,28.1048075110968,0,5.87993463284275,19.154,109.8175996703,2.50947899094054,3973.49010579998,4032.40150676649
NER,Niger,Sub-Saharan Africa ,Low income,4.826840884611117,6.331431909212529,30.108863592484,0,3.70097316425834,0.407,30.7176535069056,3.29489175812772,561.960694711722,589.085643279512
NIC,Nicaragua,Latin America & Caribbean ,Lower middle income,2.1951959525474685,7.714732305459759,22.1543607329369,0,8.38765854872536,4.698,105.019535579852,1.37167812196347,2241.1228811163,2290.31991989418
NLD,Netherlands,Europe & Central Asia,High income,0.42016369241106855,10.838811616473393,20.0805040885297,1,3.83839354342808,3.535,165.030429478933,0.990139686700227,50960.7810305308,51174.8997297902
NOR,Norway,Europe & Central Asia,High income,0.46490381421109284,11.32780954114185,23.6088047969408,1,5.51784987104659,3.574,77.401189583706,1.13831142739624,83100.7944645872,83487.1332276928
NPL,Nepal,South Asia,Lower middle income,3.8301864917731354,7.035645018848633,31.1493001530125,0,7.11587261530826,10.437,41.5701502932467,-0.0700958873206174,1136.4276931197,1179.95499311034
NZL,New Zealand,East Asia & Pacific,High income,-2.555265847608368,10.65729448851877,24.0870929494473,1,5.73316283034957,3.734,49.8655041498497,2.3012774309073,42501.4932044968,41415.4670639187
OMN,Oman,"Middle East, North Africa, Afghanistan & Pakistan",High income,-2.837875925085598,9.789980862814964,26.661898119622,1,0.950782997762827,3.176,106.446731102604,6.52704988451128,17853.9644897801,17347.2911298513
PAK,Pakistan,"Middle East, North Africa, Afghanistan & Pakistan",Lower middle income,1.5373286476295878,7.384195168728769,13.9681470393061,0,30.7681280657005,5.237,28.4676925469837,1.54880458608849,1610.33122837537,1635.08731167091
PAN,Panama,Latin America & Caribbean ,High income,1.4549996520739406,9.73371617233685,37.492889933464,1,1.48641355277038,6.544,88.3489105169795,1.30902688797168,16877.1543425646,17122.7168795289
PER,Peru,Latin America & Caribbean ,Upper middle income,2.389207785518832,8.791057682517735,19.572988492574,0,6.45561348369586,4.899,50.9070307213493,1.09975320783678,6575.18295502228,6732.27773809578
PHL,Philippines,East Asia & Pacific,Upper middle income,4.845554660421114,8.228096155182355,23.4061516161597,0,5.97802515541409,2.2,67.4199693171606,0.810000998681961,3744.69763802686,3926.14900894495
PLW,Palau,East Asia & Pacific,High income,12.208525909674917,9.478135589026175,35.7028148801293,1,12.8199748216534,,106.757623549153,-0.180352864081089,13070.7944502154,14666.5457772703
POL,Poland,Europe & Central Asia,High income,3.3894742290121904,9.764822032158765,17.6684506133329,1,11.5289127961105,2.743,110.024935041815,-0.365658526875775,17410.3830137066,18000.5034591285
PRI,Puerto Rico (US),Latin America & Caribbean ,High income,3.218088367803107,10.309382751840023,14.2399370270239,1,,5.725,101.657550951677,-0.509158872556824,30012.9055109463,30978.7473320338
PRT,Portugal,Europe & Central Asia,High income,1.101074724143447,10.017582167929966,20.4972768619235,1,4.31128191898681,6.498,93.1358537072038,1.36912985956796,22417.1634060906,22663.993126225
PRY,Paraguay,Latin America & Caribbean ,Upper middle income,3.38506241850276,8.772189714210445,20.2689235256814,0,4.63202285403356,5.794,82.5777252296516,1.23021616038983,6452.28566840034,6670.6995656958
PSE,West Bank and Gaza,"Middle East, North Africa, Afghanistan & Pakistan",Lower middle income,-24.656790049701726,8.00544278709866,25.0806274181518,0,5.87110177678988,,76.173457614931,2.39326476511584,2997.22694077849,2258.20698667764
PYF,French Polynesia,East Asia & Pacific,High income,0.879141456817023,9.936195615206648,22.6504245108896,1,,11.613,71.672203765227,0.263581727538977,20664.9770259225,20846.6514059991
ROU,Romania,Europe & Central Asia,High income,0.9650427090852842,9.420667506855567,26.2097285719548,1,10.3971874764996,5.589,83.3753324062231,0.0659152146414443,12340.8170509969,12459.9112061891
RUS,Russian Federation,Europe & Central Asia,High income,5.039247110921963,9.264872668059374,27.303131349175,1,5.86571931748967,3.076,41.3395116492933,-0.285217600763343,10560.4658203125,11092.6337890625
RWA,Rwanda,Sub-Saharan Africa ,Low income,4.955032203632714,6.9016476700965095,38.362567406166,0,19.789546746467,12.352,66.8925839339472,2.1984982050137,993.911004643524,1043.15961499906
SAU,Saudi Arabia,"Middle East, North Africa, Afghanistan & Pakistan",High income,-1.9965479523161744,10.15170700901508,29.7627433615344,1,2.32708518362706,4.008,55.7974682325487,4.63821572656175,25634.8237547841,25123.0122060281
SDN,Sudan,Sub-Saharan Africa ,Low income,-14.657022895820393,6.518738953206132,2.17279846218936,0,,,2.47372878267665,1.32652175747925,677.723205566406,578.38916015625
SEN,Senegal,Sub-Saharan Africa ,Lower middle income,4.020103823607601,7.285483534774421,42.314987698199,0,5.93947798773215,2.784,71.5942815846823,2.38738348832592,1458.9664233275,1517.61838829684
SGP,Singapore,East Asia & Pacific,High income,3.2632565959143545,11.09705703149828,21.1305685622627,1,4.83372362825798,3.444,323.7012199919,4.85831607781442,65976.7068036903,68129.6960402288
SLB,Solomon Islands,East Asia & Pacific,Lower middle income,0.5844287811151094,7.493254878861174,21.2240411030554,0,5.88585897042164,1.443,101.134531825762,2.39583243369756,1795.88798697142,1806.38367324387
SLE,Sierra Leone,Sub-Saharan Africa ,Low income,2.1027333210886345,7.01559425821637,19.7051016443165,0,47.6428733253179,3.092,55.286796968766,2.19524258771884,1113.86837500697,1137.29005648131
SLV,El Salvador,Latin America & Caribbean ,Upper middle income,2.1280437501136173,8.407645397126927,21.497475229723,0,4.04554694222477,2.992,79.8122651787866,0.465531145369394,4481.19664108356,4576.55846613444
SOM,"Somalia, Fed. Rep.",Sub-Saharan Africa ,Low income,0.5484667763073103,6.141437375122518,23.6083226866216,0,,18.96,103.121007483117,3.07939219638342,464.72106952561,467.269910194458
SRB,Serbia,Europe & Central Asia,Upper middle income,4.529248148908316,9.012922885538318,24.6160934874749,0,12.3719043552519,8.268,114.49206464322,-0.621120944154492,8208.4786891507,8580.26105823259
STP,Sao Tome and Principe,Sub-Saharan Africa ,Lower middle income,-0.5309911474979612,7.230274693389128,6.20476462377871,0,21.2589138473,9.032,46.9745787336632,1.99754660166419,1380.60169416257,1373.27082138436
SVK,Slovak Republic,Europe & Central Asia,High income,2.02649250952176,9.87217092607487,19.7276184665634,1,10.5319476645211,5.843,181.39087235645,-0.0923148510113108,19383.3732009401,19776.1758069498
SVN,Slovenia,Europe & Central Asia,High income,1.3995770850267153,10.157117692400249,22.510001872287,1,7.44687717385846,3.652,160.1596693009,0.396216782960902,25773.9015835069,26134.627203987
SWE,Sweden,Europe & Central Asia,High income,0.7016697822271212,10.89558674884876,25.2626527566229,1,8.5486248974891,7.611,107.619709443974,0.472717863265105,53937.7967122429,54316.2619329718
SWZ,Eswatini,Sub-Saharan Africa ,Lower middle income,2.0106115682809955,8.240165035347136,20.8277519082123,0,,34.61,99.7246110815617,0.946270731993531,3790.16576788091,3866.37127926695
SYC,Seychelles,Sub-Saharan Africa ,High income,2.0002737424775985,9.6981136680349,24.3522026214645,1,-1.03530088431952,,183.842116553333,-0.0876274304874622,16286.8557867673,16612.6374865452
TCD,Chad,Sub-Saharan Africa ,Low income,-0.11507243657955524,6.753421007467271,19.2864714749473,0,10.8363568399843,1.059,46.8626488759728,4.57399213394625,856.985507283698,855.999353179333
TGO,Togo,Sub-Saharan Africa ,Lower middle income,4.211268185003703,6.91892357354134,22.3879847944848,0,5.48928568141131,1.942,59.9291777017427,1.90565010531245,1011.2308927823,1053.81653764697
THA,Thailand,East Asia & Pacific,Upper middle income,2.998048742110182,8.767794856441542,22.3940359236883,0,1.22908986612448,0.733,128.792359690165,-0.0458651887192549,6423.99101164149,6616.58539335928
TJK,Tajikistan,Europe & Central Asia,Lower middle income,6.341419370020396,7.249291488892838,31.6513056719952,0,,7.037,65.6347010367354,2.01812009749216,1407.1075436221,1496.33813395037
TLS,Timor-Leste,East Asia & Pacific,Lower middle income,-10.161913191806004,7.153998935841084,20.4884517844113,0,8.42035103310377,1.525,89.3046490972644,1.08884743970717,1279.2112241611,1149.21889002201
TON,Tonga,East Asia & Pacific,Upper middle income,2.1285791524476405,8.45111751220694,25.9304511318589,0,6.35112980255182,1.652,79.6239257000079,-0.424539964766316,4680.30010664357,4779.92399898557
TTO,Trinidad and Tobago,Latin America & Caribbean ,High income,2.4475527691373067,9.67550524046458,18.985717034243,1,4.62930242419968,3.361,,0.124756950526578,15922.7668349788,16312.4849555716
TUN,Tunisia,"Middle East, North Africa, Afghanistan & Pakistan",Lower middle income,0.9798017394215153,8.285849580407458,8.20796640437897,0,9.32899597507865,15.106,112.128858013354,0.666925034776371,3967.33387634534,4006.20588267443
TUR,Turkiye,Europe & Central Asia,Upper middle income,3.0947988212493005,9.611321116091183,34.5882765114043,0,53.8594087593315,9.388,65.6832084738667,0.406389351118662,14932.8851363122,15395.0278894893
TZA,Tanzania,Sub-Saharan Africa ,Lower middle income,2.553842995381639,6.99655717646314,41.0023887360591,0,3.79923291384916,1.565,38.212034806339,2.90250073555304,1092.86413574219,1120.77416992188
UGA,Uganda,Sub-Saharan Africa ,Low income,3.1749392123893605,6.862491975261556,22.8160132458418,0,5.35094804280395,2.754,33.3416963302219,2.80083228962433,955.745797275462,986.090145363924
UKR,Ukraine,Europe & Central Asia,Upper middle income,2.855333456516962,7.67983434916351,18.0705046393604,0,12.8490222828559,,77.5096141935657,-8.42300777431605,2164.26123046875,2226.05810546875
URY,Uruguay,Latin America & Caribbean ,High income,3.371310912434189,9.82030566889607,17.6566283807228,1,5.86910359896119,8.355,52.3273108387018,-0.0835522251458198,18403.6753125157,19024.1204266155
USA,United States,North America,High income,1.810995614173283,11.092356083177735,21.5701430454153,1,4.11633838374488,3.638,24.9292981752847,0.822589035790284,65667.281580468,66856.5131698371
UZB,Uzbekistan,Europe & Central Asia,Lower middle income,4.594547897201151,8.361989889392762,33.0290737657093,0,9.95659071258018,4.434,63.102194304905,2.02114614047908,4281.20542121225,4477.90745486742
VEN,"Venezuela, RB",Latin America & Caribbean ,Lower middle income,5.13594862074207,7.2639506995745595,5.3259688045833,0,,5.407,28.0944323171165,0.310851368612458,1427.88655943805,1501.22207949327
VNM,Viet Nam,East Asia & Pacific,Upper middle income,6.365974867578172,8.235456156466793,31.6683495522758,0,3.25289282667662,1.645,164.995585455876,0.671429250652247,3772.36029116103,4012.50779921084
VUT,Vanuatu,East Asia & Pacific,Lower middle income,1.4331316624063728,8.064102720654564,22.2749819816,0,11.1825017088175,5.011,78.0648945040347,2.32481600892244,3178.3031116212,3223.85237984109
WSM,Samoa,East Asia & Pacific,Upper middle income,4.096888990293679,8.452860100624116,36.0680837032175,0,7.92164684826777,4.92,80.8405125709078,0.649190563116911,4688.46305366113,4880.54418032056
XKX,Kosovo,Europe & Central Asia,Upper middle income,10.365649430007217,8.53753425200944,33.9456293075627,0,4.94432438791283,,109.951851577902,-4.95226324203524,5102.74674921908,5631.67958854422
ZAF,South Africa,Sub-Saharan Africa ,Upper middle income,-0.7135380794236368,8.658093701816968,15.3913174995668,0,6.0752438457966,32.098,65.6798759740707,1.32810094082844,5756.55049453121,5715.47531469148
ZMB,Zambia,Sub-Saharan Africa ,Lower middle income,0.9414725669047108,7.19358061539153,31.4450686240954,0,10.884531691282,5.861,78.2418870451485,2.79406758723844,1330.85998216751,1343.38966380353
ZWE,Zimbabwe,Sub-Saharan Africa ,Lower middle income,-0.1178163425395673,7.257335406528494,10.0230432587302,0,,9.348,40.2912612046942,1.67709591394986,1418.47184628799,1416.80065463874
